{"cameraMode":{"drawMode":0,"name":"Shaded","section":"Shading Mode"},"sceneLighting":false,"audioPlay":false,"sceneViewState":{"showFog":true,"showMaterialUpdate":false,"showSkybox":true,"showFlares":true,"showImageEffects":true,"showParticleSystems":true},"in2DMode":false,"pivot":{"x":-21.950000762939454,"y":14.460000038146973,"z":-0.36000001430511477},"rotation":{"x":0.24750611186027528,"y":-0.3496158719062805,"z":0.0963110402226448,"w":0.8984618782997131},"size":3.2735347747802736,"orthographic":false}